<?xml version="1.0" encoding="UTF-8" standalone="yes"?>
<addon id="script.module.nemzzyscrapers" name="Nemzzy Scrapers" version="1.00.026" provider-name="@Nemzzy668">
	<requires>
		<import addon="xbmc.python" version="2.1.0" />
		<import addon="script.module.requests" />
		<import addon="script.module.beautifulsoup4" />
		<import addon="script.module.html5lib" />
		<import addon="script.module.cloudscraper" />
	</requires>
	<extension point="xbmc.python.module" library="lib" />
	<extension point="xbmc.addon.metadata">
		<platform>all</platform>
		<summary lang="en">Scraper Moduel Used By Addons By Nemzzy</summary>
	</extension>
</addon>
