<?xml version="1.0" encoding="UTF-8" standalone="yes"?>
<addon id="plugin.video.fapzone" name="[COLOR darkgoldenrod].FapZone[/COLOR]" version="1.0.5" provider-name="@Nemzzy">
  <requires>
    <import addon="xbmc.python" version="2.1.0"/>
    <import addon="script.module.addon.common" version="2.0.0" />
  </requires>
  <extension point="xbmc.python.pluginsource" library="default.py">
    <provides>video</provides>
  </extension>
  <extension point="xbmc.addon.metadata">
    <summary lang="en">Grab The Lube and The Wipes lets Fap baby</summary>
    <description lang="en">Please Try Not To Explode On The Screen, It Makes It Hard To Clean</description>
    <platform>all</platform>
  </extension>
</addon>