<?xml version="1.0" encoding="UTF-8" standalone="yes"?>
<addon id="plugin.video.nemesisaio" name="[COLOR red][B]N[COLOR white]emesis AIO[/B][/COLOR]" version="1.00.017" provider-name="@Nemzzy668">
	<requires>
	<import addon="xbmc.python" version="2.1.0"/>
	<import addon="script.module.simplejson"/>
	<import addon="script.module.resolveurl" />
	<import addon="script.module.liveresolver"/>
	<import addon="script.module.requests"/>
	<import addon="script.module.nemzzy"/>
	</requires>
	<extension point="xbmc.python.pluginsource" library="default.py">
		<provides>video</provides>
	</extension>
	<extension point="xbmc.addon.metadata">
	<summary lang="en">Nemesis AIO</summary>
	<description lang="en">Created By @Nemzzy668, No Content within this add-on is hosted by us, All content is obtained using scrapers and fully available on the web</description>
	<platform>all</platform>
	<assets>
	<icon>icon.png</icon>
    <fanart>fanart.jpg</fanart>
    <screenshot>resources/screenshots/screenshot-01.jpg</screenshot>
    <screenshot>resources/screenshots/screenshot-02.jpg</screenshot>
    <screenshot>resources/screenshots/screenshot-03.jpg</screenshot>
</assets>
	</extension>
</addon>