<?xml version="1.0" encoding="UTF-8" standalone="yes"?>
<addon id="plugin.video.mightyred" name="[COLOR red]MIGHTY RED[/COLOR]" version="1.3" provider-name="Simtech">
  <requires>
    <import addon="xbmc.python" version="2.1.0"/>
    <import addon="script.module.simplejson" version="3.3.0"/>
    <import addon="script.module.urlresolver"  version="2.1.2"/>
    <import addon="script.module.liveresolver" version="0.1.24"/>
    <import addon="script.common.plugin.cache" version="2.5.2"/>
	<import addon="script.module.metahandler" version="2.5.1"/>
    <import addon="plugin.video.youtube" version="5.3.2" optional="true" />
  </requires>
  <extension point="xbmc.python.pluginsource" library="default.py">
        <provides>video</provides>
  </extension>
  <extension point="xbmc.addon.metadata">
    <summary lang="en">The Home Of Mighty Red Add-on</summary>
    <description lang="en">MIGHTY RED ADDON FORMERLY EVERYONE'S LIVERPOOL</description>
	<disclaimer>The Author Does Not Host Any Media Themselves All Sources Can Be Found Easily Online From Numerous Places </disclaimer>
    <platform>all</platform>
  </extension>
</addon>
