<?xml version="1.0" encoding="UTF-8" standalone="yes"?>
<addon id="repository.StreamArmy" name="[COLOR crimson]S[COLOR silver]tream Army Repo[/COLOR]" version="9.6" provider-name="@Nemzzy668 / @_Manc_">
    <extension point="xbmc.addon.repository" name="Stream Army">
        <info compressed="false">https://raw.githubusercontent.com/nemesis668/repository.streamarmy/master/addons.xml</info>
        <checksum>http://raw.githubusercontent.com/nemesis668/repository.streamarmy/master/addons.xml.md5</checksum>
        <datadir zip="true">http://raw.githubusercontent.com/nemesis668/repository.streamarmy/master/zips/</datadir>
        <dir>
            <info compressed="false">https://raw.githubusercontent.com/jsergio123/zips/master/addons.xml</info>
            <checksum>https://raw.githubusercontent.com/jsergio123/zips/master/addons.xml.md5</checksum>
            <datadir zip="true">https://raw.githubusercontent.com/jsergio123/zips/master/</datadir>
        </dir>
    </extension>
    <extension point="xbmc.addon.metadata">
        <summary>Stream Army Repo</summary>
        <description>Repo For Stream Army, Bought to you by @Nemzzy668 /  @_MANC_</description>
        <platform>all</platform>
    </extension>
</addon>

