<?xml version="1.0" encoding="UTF-8" standalone="yes"?>
<addon id="plugin.video.bashthebishop" name="[COLOR pink][B]Bash The Bishop[/B][/COLOR]" version="1.0.1" provider-name="@Nemzzy668">
  <requires>
    <import addon="xbmc.python" version="2.1.0"/>
    <import addon="script.module.simplejson"/>
    <import addon="script.module.resolveurl" />
    <import addon="script.common.plugin.cache"/>
    <import addon="script.module.metahandler"/>
  </requires>
  <extension point="xbmc.python.pluginsource" library="xxx.py">
        <provides>video</provides>
  </extension>
  <extension point="xbmc.addon.metadata">
    <summary lang="en">XXX Bash The Bishop Over 18s Only</summary>
    <description lang="en">Grab The Wipes, Close The Blinds, Warm The Hands, Let's Get Bashing AMEN</description>
    <platform>all</platform>
  </extension>
</addon>