<?xml version="1.0" encoding="UTF-8" standalone="yes"?>
<addon id="plugin.video.livepremiership" name="[COLOR gold]L[/COLOR][COLOR white]ive Premiership[/COLOR]" version="3.4" provider-name="Simtech/Manc">
  <requires>
    <import addon="xbmc.python" version="2.1.0"/>
    <import addon="script.module.simplejson" version="3.3.0"/>
    <import addon="script.module.urlresolver"  version="2.1.2"/>
    <import addon="script.module.liveresolver" version="0.1.24"/>
    <import addon="script.common.plugin.cache" version="2.5.2"/>
    <import addon="script.module.metahandler" version="2.5.1"/>	
    <import addon="plugin.video.youtube" version="5.3.2"/>
    <import addon="plugin.video.f4mTester" version="2.2.4" optional="false" />
  </requires>
  <extension point="xbmc.python.pluginsource" library="default.py">
        <provides>video</provides>
  </extension>
  <extension point="xbmc.addon.metadata">
    <summary lang="en">The Home Of Live Premiership Add-on Sportsdevil Required</summary>
    <description lang="en">The author does not host or distribute any of the content displayed by this addon. The author does not have any affiliation with the content provider. Follow Me @Live_Prem_Addon</description>
    <platform>all</platform>
  </extension>
</addon>
