<?xml version="1.0" encoding="UTF-8" standalone="yes"?>
<addon id="plugin.video.sportsworld" name="[COLOR orange][B]Sports World[/B][/COLOR]" version="1.4" provider-name="Nemzzy">
  <requires>
    <import addon="xbmc.python" version="2.1.0"/>
    <import addon="script.module.simplejson"/>
    <import addon="script.module.urlresolver"/>
    <import addon="script.module.liveresolver"/>
    <import addon="script.common.plugin.cache"/>
    <import addon="script.module.metahandler"/>
    <import addon="plugin.video.youtube" optional="false" />
  </requires>
  <extension point="xbmc.python.pluginsource" library="sports.py">
        <provides>video</provides>
  </extension>
  <extension point="xbmc.addon.metadata">
    <summary lang="en">[COLOR orange]Sports World, For All Your Sporting Needs[/COLOR]</summary>
    <description lang="en">[COLOR orange]One Stop Sports Addon By @Nemzzy668[/COLOR]</description>
    <platform>all</platform>
  </extension>
</addon>