<?xml version="1.0" encoding="UTF-8" standalone="yes"?>
<addon id="plugin.video.kickoff" name="[COLOR blue]Kick Off[/COLOR]" version="2.0.0" provider-name="@Nemzzy668">
  <requires>
    <import addon="xbmc.python" version="2.1.0"/>
    <import addon="script.module.addon.common" version="2.0.0" />
    <import addon="script.module.resolveurl" />
  </requires>
  <extension point="xbmc.python.pluginsource" library="default.py">
    <provides>video</provides>
  </extension>
  <extension point="xbmc.addon.metadata">
    <summary lang="en">Kick Off</summary>
    <description lang="en">Kick Off, By @Nemzzy668 :: No Streams Are Hosted By This Addon, It Scrapes Them From Freely Available Sources</description>
    <platform>all</platform>
  </extension>
</addon>