<?xml version="1.0" encoding="UTF-8" standalone="yes"?>
<addon id="plugin.video.FightClub" name="[COLOR gold][B]F[COLOR silver]ight Club[/B][/COLOR]" version="1.00.008" provider-name="Nemzzy">
  <requires>
    <import addon="xbmc.python" version="2.1.0"/>
    <import addon="script.module.simplejson"/>
    <import addon="script.common.plugin.cache"/>
    <import addon="script.module.metahandler"/>
	<import addon="script.module.requests"/>
	<import addon="script.module.resolveurl"/>
	<import addon="script.module.beautifulsoup4" />
    <import addon="script.module.html5lib" />
  </requires>
  <extension point="xbmc.python.pluginsource" library="fc.py">
        <provides>video</provides>
  </extension>
  <extension point="xbmc.addon.metadata">
    <summary lang="en">Fight Club WWE,UFC And Boxing</summary>
    <description lang="en">First Rule Of Fight Club......All Replays And Streams Obtained using scrapers from openly available sources. Fight Club does not host any of the contained content and any copyright notices should be sent to the hosting website</description>
    <platform>all</platform>
	<assets>
	<icon>icon.png</icon>
    <fanart>fanart.jpg</fanart>
    <screenshot>resources/screenshots/1.jpg</screenshot>
    <screenshot>resources/screenshots/2.jpg</screenshot>
    <screenshot>resources/screenshots/3.jpg</screenshot>
</assets>
  </extension>
</addon>