<?xml version="1.0" encoding="UTF-8" standalone="yes"?>
<addon id="plugin.video.entertainmenttime" name="[COLOR yellow][B]Entertainment [COLOR aqua]Time[/B][/COLOR]" version="1.0.1" provider-name="@Nemzzy668">
  <requires>
    <import addon="xbmc.python" version="2.1.0"/>
    <import addon="script.module.resolveurl" />
    <import addon="script.common.plugin.cache"/>
    <import addon="script.module.metahandler"/>
  </requires>
  <extension point="xbmc.python.pluginsource" library="entertainment.py">
        <provides>video</provides>
  </extension>
  <extension point="xbmc.addon.metadata">
    <summary lang="en">Entertainment Time By @Nemzzy668</summary>
    <description lang="en">Entertainment Time, None Of The Links In This Add-on are hosted by the Developer and all are freely available to find on the internet</description>
    <platform>all</platform>
  </extension>
</addon>