<?xml version="1.0" encoding="UTF-8" standalone="yes"?>
<addon id="plugin.video.apocalypse720" name="[COLOR gold][B]Apocalypse 720[/COLOR][/B]" version="4.00.005" provider-name="Addon By @Nolenation">
  <requires>
	<import addon="xbmc.python" version="2.1.0"/>
	<import addon="script.module.simplejson"/>
	<import addon="script.common.plugin.cache"/>
	<import addon="script.module.requests"/>
	<import addon="script.module.beautifulsoup4" />
	<import addon="script.module.html5lib" />
	<import addon="script.module.resolveurl" />
	<import addon="script.module.nemzzyscrapers" />
	<import addon="script.module.pyxbmct" />
  </requires>
  <extension point="xbmc.python.pluginsource" library="default.py">
	<provides>video</provides>
  </extension>
  <extension point="xbmc.addon.metadata">
	<summary lang="en">Apocalypse 720 HD Only Movies and Shows</summary>
	<description lang="en">Grab The Popcorn, Enjoy One Click HD Only Movies.</description>
	<platform>all</platform>
  </extension>
</addon>