<?xml version="1.0" encoding="UTF-8" standalone="yes"?>
<addon id="plugin.video.neverwalkalone" name="[COLOR red]You'll Never Walk Alone[/COLOR]" version="1.3.0" provider-name="@Nemzzy668">
  <requires>
    <import addon="xbmc.python" version="2.1.0"/>
    <import addon="script.module.addon.common" version="2.0.0" />
    <import addon="script.module.urlresolver"/>
  </requires>
  <extension point="xbmc.python.pluginsource" library="default.py">
    <provides>video</provides>
  </extension>
  <extension point="xbmc.addon.metadata">
    <summary lang="en">You'll Never Walk Alone, LFC Addon</summary>
    <description lang="en">Liverpool FC Unofficial Addon</description>
    <platform>all</platform>
  </extension>
</addon>