﻿<?xml version="1.0" encoding="UTF-8" standalone="yes"?>
<addon id="plugin.video.yifymovies.hd" name="Yify Movies HD" version="3.0.4" provider-name="RickSanchez137">
	<requires>
		<import addon="xbmc.python" version="2.1.0"/>
		<import addon="script.module.resolveurl" version="5.0.22"/>
		<import addon="plugin.video.youtube" />
	</requires>
	<extension point="xbmc.python.pluginsource" library="default.py">
		<provides>video</provides>
	</extension>
	<extension point="xbmc.addon.metadata">
		<summary lang="en">Stream Yify Torrent Movies</summary>
		<description lang="en">Real-Debrid or Premiumize account required!</description>
		<disclaimer lang="en">The author does not host or distribute any of the content displayed by this addon. The author does not have any affiliation with the content provider.</disclaimer>
		<platform>all</platform>
	</extension>
</addon>
